dis_along_flowline,area,mean_elevation,slope,bin_elevation,dx,width
70.00036041276142,22445.0,4207.0361328125,0.2110922783613205,4215.0,140.00072082552285,160.32060312012453
177.91344575703377,40401.0,4182.669921875,0.37674689292907715,4185.0,75.82544986302184,532.8158299487062
252.33839060678585,44890.0,4154.2685546875,0.38980019092559814,4155.0,73.0244398364823,614.7257014298026
327.0171235664295,67335.0,4122.5009765625,0.3744700849056244,4125.0,76.33302608280502,882.1214545713924
411.25418620264566,107736.0,4094.900390625,0.31476327776908875,4095.0,92.14109918962727,1169.2502145896726
498.6345591652105,116714.0,4064.017822265625,0.3483058214187622,4065.0,82.61964673550241,1412.6664130342613
585.0077992040306,210983.0,4035.918212890625,0.3213283121585846,4035.0,90.12683334213766,2340.9565406461206
658.7041301449665,143648.0,4006.70654296875,0.4825628101825714,4005.0,57.265828539734265,2508.441834563328
710.9217527682345,94269.0,3976.90673828125,0.5664741396903992,3975.0,47.16941670680175,1998.5195192461765
755.4730864790827,89780.0,3947.826904296875,0.6210019588470459,3945.0,41.93325071489476,2141.0217063880045
794.9950662253794,71824.0,3915.61572265625,0.6798371076583862,3915.0,37.11070877769889,1935.3982277795117
831.5152015181247,76313.0,3888.3662109375,0.6957016587257385,3885.0,35.92956180779174,2123.9613332398235
866.6877162215849,85291.0,3854.546142578125,0.7169585227966309,3855.0,34.415467599128576,2478.275204436264
901.1563675108052,76313.0,3824.49658203125,0.7154303193092346,3825.0,34.52183497931218,2210.5719480361317
936.1209670223905,85291.0,3794.40576171875,0.7029136419296265,3795.0,35.4073640438583,2408.849184433836
972.2134431176272,80802.0,3765.07373046875,0.6842495799064636,3765.0,36.77758814661525,2197.0445608852806
1009.1973831955017,85291.0,3734.762451171875,0.6787900328636169,3735.0,37.19029200913381,2293.3673115299234
1047.487773943246,85291.0,3707.510986328125,0.650887131690979,3705.0,39.39048948635511,2165.2688532734496
1087.4669534454197,103247.0,3676.33740234375,0.6367481350898743,3675.0,40.567869517992065,2545.0436817789855
1128.768752777491,112225.0,3642.96240234375,0.6198473572731018,3645.0,42.035729146150615,2669.7526670660095
1190.7041533954316,157115.0,3612.379638671875,0.35137808322906494,3615.0,81.83507208973043,1919.8981071065314
1264.5504962236546,237917.0,3583.547119140625,0.42744165658950806,3585.0,65.85761356671544,3612.596738856685
1367.6678409920075,399521.0,3552.142822265625,0.2105429321527481,3555.0,140.37707596999056,2846.0558623219117
1486.8891167809797,507257.0,3524.244140625,0.29687732458114624,3525.0,98.06547560795376,5172.635903260312
1570.9685889507555,489301.0,3494.74951171875,0.40440887212753296,3495.0,70.09346873159772,6980.6931923091715
1640.8992037654975,516235.0,3463.51904296875,0.4060963988304138,3465.0,69.76776089788655,7399.334497140758
1711.319736339933,520724.0,3434.814453125,0.39941126108169556,3435.0,71.07330425098432,7326.576490114266
1803.311432645108,754152.0,3404.35107421875,0.25969794392585754,3405.0,112.91008835936596,6679.226019199574
1944.404444533616,794553.0,3374.423828125,0.1754041463136673,3375.0,169.27593541765017,4693.833166773646
2143.137854941103,772108.0,3345.187255859375,0.13071919977664948,3345.0,228.19088539732323,3383.6057853740076
2370.607279071701,718240.0,3315.630126953125,0.13154150545597076,3315.0,226.74796286387308,3167.5698027381686
2647.3980386079893,754152.0,3285.419677734375,0.0915333479642868,3285.0,326.8335562087033,2307.4497268524888
2903.4566428664866,435433.0,3254.9072265625,0.16052083671092987,3255.0,185.283652308291,2350.0886050944678
3057.6368785671884,359120.0,3226.889892578125,0.23908790946006775,3225.0,123.07681909311245,2917.8524652015226
3153.6850108662993,336675.0,3194.877685546875,0.4100243151187897,3195.0,69.01944550510972,4877.973120996386
3224.3971631886084,314230.0,3164.589599609375,0.3928042948246002,3165.0,72.40485913950873,4339.902096826758
3303.2265094739673,386054.0,3134.991943359375,0.3383578658103943,3135.0,85.25383343120876,4528.289045342537
3424.0880565288476,502768.0,3105.095947265625,0.1894320547580719,3105.0,156.46926067855134,3213.206209447623
3690.4101357366962,646416.0,3075.780029296875,0.07958170771598816,3075.0,376.17489773714607,1718.3921731313558
4006.3814616306636,372587.0,3045.119140625,0.11676040291786194,3045.0,255.7677540507889,1456.7395385034104
4318.132481929099,430944.0,3014.832763671875,0.08140037953853607,3015.0,367.734286546083,1171.889638161319
4626.953390330936,327697.0,2986.0263671875,0.1194726973772049,2985.0,249.90753025758886,1311.2730123107162
4814.601282543816,233428.0,2955.3642578125,0.2348421961069107,2955.0,125.38825416817134,1861.641678868303
4941.679492843313,260362.0,2924.57958984375,0.22889381647109985,2925.0,128.7681664308224,2021.943832988204
5092.673535459413,291785.0,2895.08935546875,0.1714891493320465,2895.0,173.21991880137853,1684.477178023466
5245.9826975245,219961.0,2866.371826171875,0.22120997309684753,2865.0,133.3984053287952,1648.9027695484715
5363.923392620715,152626.0,2835.133056640625,0.2847751975059509,2835.0,102.48298486363542,1489.2813690300416
5465.392422660497,148137.0,2805.015625,0.29020950198173523,2805.0,100.45507521592731,1474.659191500089
5593.411194537761,161604.0,2772.4384765625,0.19048592448234558,2775.0,155.58246853860106,1038.703148998468
5862.52390362259,296274.0,2743.41455078125,0.07824201881885529,2745.0,382.64294963105755,774.2831804052994
6209.846487791914,327697.0,2714.29296875,0.09585846960544586,2715.0,312.0022187075902,1050.303428473754
6529.017351472799,314230.0,2685.0390625,0.09167114645242691,2685.0,326.3395086541806,962.8929126475675
6915.976960660829,448900.0,2653.292724609375,0.06692706048488617,2655.0,447.5797097218774,1002.9498439036546
7306.1446863493475,318719.0,2626.79052734375,0.08991313725709915,2625.0,332.75574165515997,957.8166808321929
7554.5433219371525,148137.0,2595.663818359375,0.18088164925575256,2595.0,164.04152952045018,903.0457130767763
7711.512687953644,139159.0,2564.666259765625,0.1975274384021759,2565.0,149.89720251253297,928.3628891497482
7865.876868578037,112225.0,2533.983642578125,0.18668057024478912,2535.0,158.83115873625283,706.5679108112237
8042.067802009235,130181.0,2504.35009765625,0.15377448499202728,2505.0,193.55070812614215,672.5937675989156
8267.192527833009,188538.0,2474.835693359375,0.1163407564163208,2475.0,256.6987435214052,734.4718459219044
8478.214230438722,94269.0,2448.010498046875,0.17948660254478455,2445.0,165.34466169001826,570.1363384608803
8625.735637026084,62846.0,2417.255126953125,0.2273087054491043,2415.0,129.69815148470505,484.55586514208153
8750.664813386227,53868.0,2386.751220703125,0.24466493725776672,2385.0,120.16020123558303,448.3015128643782
8868.540829454974,26934.0,2356.1484375,0.2539314329624176,2355.0,115.59183090191186,233.0095456560029
8985.610373789274,17956.0,2331.707763671875,0.24785999953746796,2325.0,118.54725776668788,151.46702115488063
9114.240658807172,13467.0,2298.091064453125,0.21299298107624054,2295.0,138.7133122691069,97.08513032890255
9235.149448274622,17956.0,2265.25,0.28314971923828125,2265.0,103.10426666579261,174.1538015900301
