X,Y,Alt,Annual_SMB (m w.e.),Year
452868.22037379496,5158875.485926941,2213.2,-5.830216981132075,2016
452876.2917767882,5158733.154622743,2220.3,-4.557323863636363,2012
452908.8954801564,5158864.580265618,2225.5,-7.3007529069767445,2016
452874.4496952558,5158882.06086154,2227.6,-4.565625,2015
452879.34824712924,5158730.994356495,2229.0,-5.77978021978022,2011
452756.39842182305,5158686.945317342,2230.5,-5.688448787061994,2007
452771.8392383597,5158714.333057411,2231.6,-3.868421270718232,2008
452780.018007352,5158758.661581176,2231.6,-8.117316,2010
452949.7990720525,5158975.945149162,2233.4,-6.352987196765499,2016
452877.74176885304,5158881.695549245,2234.8,-5.298626712328767,2014
452957.868863445,5158929.194392087,2237.8,-7.004518168604651,2016
452791.85547617526,5158740.530164404,2237.8,-6.813238826815643,2009
452885.6893563994,5158879.138216338,2240.4,-3.8890823863636363,2013
452881.59506601206,5158884.418460808,2245.0,-5.453846590909091,2012
452951.6918385063,5158990.704548274,2248.2,-5.275725398936171,2015
452875.8230586571,5158880.733854337,2251.2,-6.637716346153846,2011
452951.7156538848,5158991.9038309455,2254.4,-5.230580136986301,2014
452854.9389574949,5158871.250583157,2254.6,-5.799918103448276,2010
452856.15879676223,5158867.2271745745,2259.0,-5.36004375,2009
452969.9986177193,5159006.337752927,2263.2,-4.5770390625,2013
452953.72835070314,5158992.563720206,2263.2,-6.8826796875,2012
452826.9301904418,5158840.313190228,2264.6,-6.5656394878706195,2007
452954.1340654511,5158992.855602416,2269.4,-6.195201923076923,2011
452939.2391466074,5158977.85450187,2271.6,-5.950215133531158,2010
452943.26595944597,5158969.176289034,2275.9,-5.677169594594595,2009
453009.61279653414,5158992.353780741,2277.0,-5.711823895027624,2011
452928.13585841865,5158977.575092642,2277.7,-5.512046270718232,2008
453031.3766694913,5159197.179783156,2280.9,-6.255521563342318,2016
452922.93641683925,5158967.480420269,2281.2,-5.980845687331536,2007
453016.2523699668,5159009.518407103,2283.5,-6.88131,2010
453131.5399963611,5158974.835612088,2289.9,-6.79365,2010
453099.3469524461,5159231.622715542,2293.2,-6.373824854651163,2016
453133.45147668413,5158970.398550661,2293.5,-5.279800977653631,2009
453171.5002620977,5159255.184769641,2296.1,-8.342352470930233,2016
453030.98867745337,5159212.884292552,2296.3,-5.2349261968085115,2015
453031.4063002396,5159213.775816081,2301.4,-5.111498630136986,2014
453024.23950672883,5159024.0568030225,2304.0,-5.6796375,2009
453036.8871361276,5159212.867138527,2304.5,-4.039540482954546,2013
453038.74630766007,5159210.830625507,2306.5,-4.463936079545454,2012
453029.39505539165,5159344.089245634,2308.6,-7.042742005813953,2016
453063.1418557516,5159407.206107633,2309.1,-5.821356469002695,2016
453117.1357954269,5159362.142813797,2310.0,-7.252973110465116,2016
453037.34246724745,5159215.657526509,2313.3,-6.610623626373626,2011
453037.2087879766,5159213.960527164,2318.6,-6.863778,2010
453059.3234379151,5159426.378052066,2320.6,-5.135842420212765,2015
453038.84624789696,5159210.8286408605,2322.2,-5.3716236033519555,2009
453056.1816271383,5159424.240891432,2325.1,-5.63085410958904,2014
453029.6228233349,5159189.41619926,2326.5,-4.86442115902965,2007
453030.742442243,5159215.58863286,2326.6,-5.1669758287292815,2008
452945.35905506747,5159361.554858907,2329.2,-6.065975138121547,2011
453055.7586217165,5159433.147482054,2329.3,-4.453559659090909,2013
453061.64998408605,5159412.634635973,2329.4,-3.2224309859154934,2012
453091.8521916789,5159367.743873027,2334.6,-5.014626592356688,2010
453269.33136584854,5159454.101069561,2335.1,-6.215093999999999,2010
453055.8287918351,5159431.646393568,2335.7,-5.680440247252747,2011
452944.1820357651,5159387.8728868,2336.0,-5.664470338983051,2010
453187.49049894605,5159426.032375552,2337.1,-6.082291443850267,2010
453275.02002037055,5159453.588180781,2338.0,-5.142067039106146,2009
452927.4575648074,5159391.504338272,2339.3,-5.408352653631285,2009
453065.9581800111,5159392.953067292,2340.4,-5.0587124999999995,2009
453169.27217750833,5159434.992418657,2341.6,-4.976786312849161,2009
453164.8522693216,5159438.979399004,2345.0,-4.0488123167155425,2008
453030.1727553123,5159640.013641931,2345.8,-6.140334905660377,2016
453059.6993828314,5159425.170830327,2346.1,-4.82250412087912,2008
452934.09573352337,5159418.666966522,2346.2,-4.848934750733138,2008
453017.31534676853,5159662.1645278,2358.3,-5.317496010638298,2015
453016.55353377876,5159664.079270723,2362.8,-5.117887387387388,2014
453013.8544407827,5159669.131856355,2366.6,-3.4045035511363637,2013
453012.9212383444,5159667.450733856,2368.4,-4.127740056818182,2012
453014.3164329213,5159667.22306751,2373.1,-6.24849173553719,2011
453020.12699360744,5159652.710600546,2374.9,-6.193773305084746,2010
453016.79579836805,5159661.175048487,2379.2,-5.184094537815126,2009
453033.8037713582,5159631.543240238,2381.1,-4.82897911051213,2007
453016.75936844153,5159664.375122169,2382.5,-5.1346301652892565,2008
452787.48225976445,5160307.598935693,2457.1,-5.617564690026954,2016
452783.9774429733,5160342.561484572,2465.9,-4.730764627659575,2015
452788.2232754353,5160339.877690434,2469.5,-4.6802454954954955,2014
452787.4071717926,5160344.093048841,2471.9,-4.304139204545454,2013
452780.4504611942,5160336.132842039,2471.9,-3.9447,2012
452791.578286152,5160332.612517305,2475.3,-4.985359806629835,2011
452793.8722425968,5160337.365990478,2479.8,-6.426342253521127,2010
452793.5724214776,5160337.371944744,2482.2,-4.797359243697478,2009
452792.89140428114,5160333.28629809,2484.0,-4.82673347107438,2008
452804.43383312976,5160295.264714413,2484.8,-4.589745283018868,2007
452913.95419130975,5161409.964313187,2601.0,-4.174285714285714,2016
452915.9616359779,5161405.32536951,2603.0,-3.434904255319149,2015
452915.1634012687,5161410.44019678,2605.7,-4.311951369863014,2014
452911.1795743619,5161426.316139355,2607.5,-3.2011257102272723,2013
452911.0088736713,5161417.721259984,2608.1,-1.6570973360655736,2012
452911.7422000443,5161419.406353522,2611.6,-4.57475625,2011
452914.4519087129,5161409.854448272,2613.5,-4.60215,2010
452882.6453499056,5161363.895525717,2613.8,-3.951788409703504,2007
452915.37588746054,5161406.036862043,2614.5,-3.1859621848739494,2009
452915.1105051707,5161402.742796783,2615.3,-3.1517864010989016,2008
452915.65516399924,5161410.030510498,2618.4,-3.512700808625337,2007
453744.3842730763,5162210.206222835,2742.4,-1.900087601078167,2016
453784.76326134684,5162259.894027381,2747.1,-0.8995252659574469,2015
453774.58201090794,5162240.600179264,2748.0,-2.058408904109589,2014
453768.64193073474,5162223.42164791,2748.4,-1.2347940340909092,2013
453767.51540544117,5162232.142271357,2749.2,-0.933099609375,2012
453754.3180773843,5162212.008510752,2749.5,-1.437599582172702,2011
453766.5206585563,5162227.362996126,2753.7,-2.524608,2010
453761.12318765954,5162232.46919618,2754.4,-1.3589748603351957,2009
453763.05648935423,5162229.131460641,2755.5,-1.2643269230769232,2008
453768.5869593629,5162230.72126961,2758.2,-2.0113495934959347,2007
453767.79537612747,5162231.136911838,2758.9,-2.2505700808625337,2007
453836.1294829988,5162500.325145104,2774.9,-1.37881875,2009
453836.1294829988,5162500.325145104,2774.9,-1.37881875,2009
453859.28560832294,5162558.753347863,2809.0,-1.2101414835164834,2008
453859.28560832294,5162558.753347863,2809.0,-1.2101414835164834,2008
453951.1048467434,5163421.35586403,2839.8,-1.5358221024258758,2016
453932.58658906544,5163460.51593214,2845.2,-1.290952479338843,2014
453937.66767410625,5163459.615161952,2846.6,-0.6972954545454546,2013
453935.1771018528,5163460.064554437,2847.0,0.36525,2012
453561.6684587681,5164356.806302813,2923.9,-0.32488544474393527,2016
453554.16217736714,5164406.745493009,2928.9,0.7275857712765956,2015
453558.04596563085,5164405.968482139,2930.5,1.245083984375,2012
453552.9489925444,5164406.069731968,2930.6,0.8985351239669421,2014
453559.3610763892,5164406.7421985185,2931.0,0.9836846590909091,2013
453551.76757236966,5164406.993021273,2932.5,0.6927506983240224,2011
453552.872875383,5164407.27100502,2935.6,0.157788,2010
453549.09168916877,5164403.146953602,2936.8,0.7487624999999999,2009
453555.46668558667,5164412.018523784,2938.5,0.4324800824175824,2008
453553.0767272629,5164407.466915731,2940.5,0.8581890243902439,2007
454038.4665886798,5165393.226304331,3122.6,1.148066976127321,2012
454038.65455737506,5165392.622689406,3122.8,1.1870625,2013
454038.10852027696,5165395.33300025,3123.4,1.2640914804469274,2011
454038.65455737506,5165392.622689406,3123.9,1.0997747933884299,2014
454014.67671625165,5165408.595956676,3124.7,0.7786648351648352,2008
454026.05868951837,5165417.8679513335,3125.3,1.0782646276595744,2015
454026.05868951837,5165417.8679513335,3125.4,0.796461590296496,2016
454024.93948759953,5165416.890384451,3127.9,1.2296749999999999,2009
454026.1566447532,5165417.766025206,3128.1,0.09447799999999999,2010
454025.6529704669,5165417.576071075,3130.1,0.04233355795148248,2007
454025.65495591145,5165417.676011753,3130.4,0.04267866847826087,2007
454301.6124869644,5166077.561431242,3233.9,1.4096518567639258,2012
454302.1082193913,5166077.351622138,3234.4,0.869738950276243,2011
454302.1062338501,5166077.251681439,3234.8,1.8738490691489362,2015
454302.1062338501,5166077.251681439,3235.3,1.032741913746631,2016
454302.1062338501,5166077.251681439,3235.3,1.911336647727273,2013
454302.1062338501,5166077.251681439,3236.0,1.31048489010989,2014
454302.1902902234,5166076.450170303,3236.1,1.5036125,2009
454302.01026423054,5166077.453548376,3236.2,0.529856,2010
454302.0863784399,5166076.252274444,3236.4,1.4870892857142854,2008
454358.74414435186,5166094.82273027,3240.0,1.6575203804347824,2007
